Initial_Velocity_m_per_s,Launch_Angle_deg,Range_m
37.858767423914465,42.23024126589268,145.57067524132702
21.445573398015178,16.675180322842404,25.80003006234467
19.074058142568123,73.71643084287803,19.983632454415154
32.05259076331565,56.76129250934708,96.12215779739135
38.77875879142252,45.697967304014355,153.40263665639998
26.92425840497844,40.18860175225757,72.9301878922131
49.23056793538462,13.602585820948844,113.06524681694967
37.39318954339453,25.000594566146713,109.30007898319542
29.237276059374437,69.9255438192848,56.24149680463652
25.68470072776602,53.5543088950293,64.33787241958183
23.727120646034777,23.571258419480046,42.11107373098458
39.16198829536167,23.244225229711176,113.49650939348328
27.542889787184976,34.508785877908664,72.27627715659607
12.387115864382734,53.07075768314814,15.039969105536258
25.921770213217258,47.96906817792421,68.19721123148409
39.51981622928143,46.89244126479584,159.02137033455315
17.29966921814,70.82515598680756,18.94797799673786
17.0180702458997,70.28760196369072,18.767768557328644
31.262054953673534,69.16389519631198,66.30472612935247
31.273103483874642,59.17161786316224,87.8329479136343
35.376038342052844,37.47151494610924,123.31620661787728
43.97727176311158,28.854098908076498,166.82495885185782
38.978212994425405,76.89848476553541,68.45432896744624
34.440940427103314,13.16994739976852,53.70426270766321
38.89773530280886,53.28681513059932,147.97686174861522
22.91835655412713,69.22868857033464,35.54433034718729
24.471546224892563,29.033903697387057,51.86065192336034
19.130529235158225,78.51222502099286,14.577029763828905
21.748561855553174,72.01467803594353,28.349621626844534
35.23904495417951,23.952966194764457,94.02699889000648
13.684197597803006,28.921652185333734,16.17665200029315
27.34804690718113,72.81120370761573,43.092479486440645
27.23451053318575,17.647625537148066,43.730362476592894
29.74740390601225,23.193402013518757,65.37601391100699
27.033211611833117,52.598458640613444,71.9631718021822
22.49044891889861,20.291004152119513,33.57695816615603
27.05405227851233,50.0781619628856,73.51558769658668
45.73556652468539,50.28816492506093,209.81693702040468
47.76640072815518,51.74480804527915,226.396320562953
30.07346703537346,27.549097382270013,75.68776107830031
34.958118071684446,67.4756606731795,88.2518220697013
14.624735803171829,77.93105355283333,8.924898537378008
22.691419272812837,29.45202157314986,44.99093105045541
26.59304847814527,70.5845323418485,45.24751026069996
44.65236631533464,30.51364278615897,177.99045747571566
20.018214615860266,34.42489797500296,38.136215328066434
29.321370570508172,64.98104123784829,67.24150538587442
49.4223914244282,19.613106874975422,157.6166754034242
30.779404770392375,14.326530105386752,46.35400407781133
34.51578103051871,37.06428201527352,116.93088100498092
14.82514663961295,19.077825439511727,13.855422468133849
43.05363202027333,15.568692880152765,97.80504999657744
34.122405136437095,51.2109614150905,116.02871612632877
31.802720258658596,22.87823218011452,73.93436025895868
23.710553350972337,31.063090264136328,50.71067884032803
22.164831561087365,61.036199660101865,42.479547497381226
26.680888440988063,16.509700536327934,39.58308397836845
37.25203063171186,79.57777641364665,50.38704447564823
45.018273671806995,31.612966763114237,184.6293840691158
30.416893499120444,48.19404762946024,93.82071178788657
36.77255131849089,65.42946369826511,104.35867186517308
33.43746210248852,26.590454814907947,91.33118514982802
34.996140083823995,33.881462972434946,115.6777190960069
36.987562039512994,24.43881369939391,105.16158821404834
43.69369750481029,36.50048182300115,186.29880468916264
13.32779953329755,61.44556707489899,15.220082285327548
40.547313657733525,60.00988256666482,145.25871495074398
19.74665498147496,22.741342508870034,28.370960624847267
17.768918423150836,43.38467734490495,32.16660056548134
32.89827829965893,58.17447366633982,98.96472471173023
13.828500664495484,61.67049261654297,16.301444121533013
45.41307305100558,54.522588028370414,198.92424264560012
35.08995888205075,23.637589853784533,92.3002408537946
38.93665432759819,70.76553387866684,96.23754568879565
10.645168267800674,30.191344189642283,10.052439546316608
33.7772751778017,35.89452621011881,110.58766418675603
32.27140769577154,49.09484613509285,105.18601841137053
16.35838576578891,70.15649534397231,17.437298837989527
16.122820604990924,55.475521844630705,24.771366720908713
37.82118115083644,59.11813931352391,128.5943868293719
22.750657055275056,25.145779578082415,40.63129060102938
37.67881182127279,34.67932769026581,135.56696423858085
32.175329988710885,19.582539262909112,66.71636884698448
25.558022964925783,61.583239141524125,55.79531736922847
47.005299584559445,76.41304645926185,102.96550890812642
43.66679987650865,61.44077830408123,163.39914084368453
24.29590266732705,18.72751012255697,36.63046623532211
11.743658551961623,58.53557466528551,12.53102017574652
22.190722936443898,40.32576337877997,49.58041532709281
25.92742727671924,16.447992739897547,37.25504279589462
38.19835321805449,79.96319213077935,51.10282609588961
49.814339281360695,60.688770351618075,216.18019967386974
24.236594628698384,53.57065784797056,57.27755990180835
40.50191255141735,71.11685113581775,102.51562681090073
33.72707666248885,32.77387661365183,105.66204369666909
37.66807194800708,56.679156322205124,132.91802859291886
16.045098093923208,42.77963027263403,26.19105199811822
25.955051709046263,18.676483741115263,41.70696175183917
19.63423590894498,47.87487996048146,39.13915603537046
23.738240561932997,54.23366414046769,54.53939858146392
30.525126167960085,43.12749327092269,94.87689880181692
36.664982006562866,18.769008993055042,83.57940958425698
14.236339402272552,15.269822234607975,10.508705217263326
15.23579802656323,56.538692533078034,21.791191101540477
22.87922425873232,68.65357147926775,36.21844432028969
36.462573466649744,74.68658317939828,69.11390250003699
43.86024901082888,37.173009751555306,189.01717019656968
32.13029379186854,75.68210842991647,50.484314396473856
44.17809950098019,67.38624304683796,141.380879899047
25.393512451030446,39.68291678543221,64.6689613723876
22.67151588473519,38.44240230096105,51.08065584020396
24.17058702366714,33.34351618661226,54.746931576849526
16.843273168203964,14.838162422671648,14.332421486861334
43.16450538007562,10.680829512897139,69.2518514341232
23.546833836573065,27.184906444173063,45.985342336786275
32.09480301176292,27.82321443322134,86.77563565280663
33.14205872435332,61.076273213889856,94.89180441662009
30.86132237589329,21.01594741295955,65.07021351168255
10.107522582972827,58.46951437789579,9.293502469197108
49.5338167713128,61.12347099685521,211.7496752063262
46.213663026464396,42.180201263766726,216.87400572557434
18.30543444785298,18.235745307122293,20.32494653619035
21.699576511696993,60.3656728373139,41.300862530345924
30.80040612289934,73.9553075900791,51.42554537557508
46.076454906426825,35.63256179240057,205.15819554336935
49.34523539646893,63.11178441114185,200.44062249561776
20.301682566163322,61.93431025769424,34.92064416001585
32.57436171699126,13.7829517263728,50.105986188794475
42.27874736548716,13.899536591530012,85.0650035204117
25.774802158110994,57.36324186207176,61.574523281738465
39.242921433782286,68.16353664909767,108.51402650587193
16.442760577168592,74.4393332322263,14.259020356348685
34.02794271334359,19.916418628018757,75.6829907916773
44.63457833213059,50.83731457355198,199.08479816054046
49.34086436814222,29.743716112556495,214.01868523112313
13.174631615120628,25.589060695811032,13.798863857720912
27.13389098803797,61.68719867700757,62.73838224187284
18.18171438185711,38.92343148254753,32.97612584139011
28.02545962074939,40.638447606808896,79.21849087370344
31.91054290515416,69.10808827046307,69.2351191375931
13.73306841479283,26.70793213673181,15.453084803269517
21.874431019227178,46.98396644178152,48.70854684430515
47.1033696060859,67.93972664467321,157.6134785114705
32.760149257207814,19.232216228462065,68.12022732766619
28.296479900944476,51.73280800291099,79.45710781217602
40.141039631924585,68.60330612259347,111.69891916635817
39.67448607368149,63.512587975708364,128.2334402325102
11.943161313770752,71.91374772594386,8.590634245241018
38.34789581770984,12.279493930109778,62.368276104968835
43.56973391220335,58.40193017175929,172.8936090425545
16.637515368278155,24.275555539458722,21.17139398738745
41.23991751999829,48.99131096557699,171.86235870839428
21.461464669164076,64.23452291329954,36.797942660840356
22.25879013318229,39.41340255612316,49.59825178183582
36.61045861398732,59.29425974917419,120.09302699077463
14.45568686430863,68.8287488618331,14.362442899868318
36.594897952131774,76.20030829050413,63.30888267327492
45.514271707048906,48.1565173629012,210.10071269756372
37.852450729416255,32.126995135010276,131.69091987099983
27.613115066616363,37.30183073426386,75.0122834194691
27.528575375088987,70.59178538863858,48.47181373346463
40.60384380957226,26.82216414730586,135.48596968134652
32.62568004903531,71.82850803735133,64.36764739999484
13.396166527672705,14.048537046549342,8.624329159130369
33.30684351445619,77.99278488395119,46.06804305767642
42.59374811573639,18.33750562115554,110.57075465665429
23.482655337904397,71.83723395494029,33.33212814186328
47.10306318301558,47.85401746457057,225.27524869604227
40.028680013726714,49.29294233786797,161.66720470915826
32.96255300599858,78.64591678329641,42.80013447395561
40.06575955171674,76.59534770109171,73.8786380077943
13.165958429528208,65.90257025615884,13.184926345257765
44.37556302722446,55.61084133970028,187.31159618091587
42.86016452802232,57.43909706995584,170.05391645271968
46.39486638440835,19.342796963279543,137.28593511857375
15.1452479003752,42.71837292177796,23.331778445316818
13.271203483759408,40.041606038616194,17.703402491530987
15.536622911263592,17.13363874788161,13.868750835137549
25.975148404112005,10.79299062665518,25.32889857652987
26.972274443239677,11.138781534860492,28.142052489522715
32.48873514923623,61.6226603763087,90.07778346180173
14.889741985300201,41.32192085517015,22.43670014030992
18.055980055254835,44.34022323117317,33.25836310695727
42.465773931360864,27.74896267595547,151.64738229306838
28.719502962269978,47.85868330443658,83.74558855155425
42.31752837934441,18.90449410923067,112.02035634248526
10.297055141784522,21.448480785213803,7.3645171982576345
32.06370903929622,67.2350823194594,74.86272223475707
47.277285923067126,11.920054715693597,92.18493417003192
33.287018365834804,74.12094586310376,59.509370042547424
18.243829097810966,33.673154689984294,31.34273485969212
38.710302491182304,75.2510872759407,75.28990400551045
25.159433987956707,14.45891583546732,31.233552011594238
36.735357890378395,31.889006152435027,123.53156529389302
11.17278891575085,51.521826043890634,12.409221111982914
35.436014374054245,75.64633890980872,61.54721820829561
11.28791739751696,16.300247356492346,7.0050537351585
39.79122620567064,66.64351316474728,117.60804018477108
28.916520089538203,52.91167449122049,82.08982560803605
14.870174218922148,54.80056381151565,21.255943346118155
31.70543703154024,79.46163709130398,36.887786436452075
12.670977729000189,32.47579698413317,14.842211250307283
36.13459485412163,35.21315798539503,125.53611100324453
49.84345309471302,47.509771266929626,252.53490222872645
40.775893482958494,53.75586937175159,161.7976961430592
32.95096454635298,31.822228383344154,99.27629891260048
14.105410368431833,59.44264750883052,17.77646657792663
37.99336299091659,15.748721938614583,76.95607002171286
36.446714693117244,23.636334953391206,99.5717910442677
11.963885224911053,10.927630268814477,5.437114366276187
41.691972073783624,62.473407854269986,145.38691325383718
30.748663635620204,76.35286732818903,44.240819568404255
27.034707767996764,63.80977013040593,59.07274603777128
41.52748694405862,22.100977997734656,122.68631173491846
26.462768928353487,29.87005040925739,61.7208326498062
29.241051020206143,56.98247947550668,79.72751029462475
17.265153706952987,31.661263698914986,27.178951616107188
22.852755980257147,38.47729195479428,51.91530407621277
43.82131986250275,27.906277561982414,162.09040694628956
17.476149957068614,47.395872643129174,31.0559550902297
26.691642436133765,70.86334037431867,45.030337470855066
49.56138029581198,26.778498126630705,201.63168606896963
19.463992468220773,47.06760632116102,38.55721764698117
46.67329331755316,56.55025543747399,204.46205450393464
46.73589871222532,10.460307772269982,79.58541502142647
13.651853688128073,27.70809332679977,15.657181266904157
28.54610899542064,49.708719573061195,82.03037867647687
30.088653412911484,67.76396533128727,64.71808896303133
22.5467580020851,25.95730339484773,40.828910945677634
11.89358148950948,72.91934154249107,8.105283480314364
19.667425489815912,67.71958185151614,27.694881048494093
13.821185662214436,37.58523573151726,18.84310534189883
19.529996228496472,66.94324556037421,28.050560901738315
42.311643451606244,69.44740020006708,120.10255161551477
45.799131515440465,29.716215553818415,184.29209362342567
11.728915683185871,18.060593142030932,8.27503507583094
22.07787345050876,17.06431966621969,27.905651209925804
49.2232879437715,71.65250931987777,147.73826249685507
31.580192902149413,44.60815506673395,101.75666260660626
35.05237446839425,57.00168447568148,114.53219969479001
10.22181633627618,37.30405471677481,10.279382111185846
29.39637773770237,64.61765161100467,68.2989104339191
49.5331413848955,67.69492313001956,175.8229201345044
25.007421099311923,72.47749969112928,36.64289455274469
13.881526345554448,54.92388689663663,18.494918337936888
28.476350462737937,72.44842824663172,47.58261382878878
48.52017863969033,70.67971719952521,150.0045339020362
23.673224542600657,29.015060993744463,48.512296043585216
41.95690932860053,51.19835191367981,175.44268138320862
41.95385324852248,28.351110792539586,150.11873170134285
18.329931869557466,54.64734101309881,32.35863183304913
27.73470807204847,72.80032627353702,44.34421612264561
38.624051006172195,43.81977214644804,152.0970918238499
26.420791416557115,67.71921189743921,49.980640469801706
17.640278214816846,11.19731698019903,12.097378767730103
48.69977227225674,70.70003990063626,150.98291644085816
36.03001465905173,76.09422146834872,61.80377645497596
44.618394060915975,31.938449223378306,182.39193841620173
11.009694311985747,59.67518588410782,10.781047186902272
20.676232591645388,67.3461656876153,31.011398653336652
30.082844013069714,18.698757812490154,56.08472426399288
12.69794540520207,39.011215232339666,16.094642461062648
49.72133044379167,24.46083846718491,190.16144958900986
19.458495847921156,62.25912283738834,31.833990933156613
24.971687293817922,38.41403791802365,61.95704750571438
18.56047659633385,10.009515950304538,12.033722743541594
14.217834644218033,28.3843564248504,17.25395700910708
19.29919142416943,24.23117148712864,28.448252580120986
22.02440542012819,15.233777352954538,25.097670077548187
35.377690715977565,47.1572030866095,127.3504420796796
21.24939125811634,33.58613947720528,42.466354365681646
24.49107043906305,25.3251979350846,47.32958899255632
10.237713748941193,75.56665492904624,5.1632501256468
24.62876503709458,32.66446889378094,56.2456391477527
31.355439267931786,18.93918062793692,61.59691780242698
16.480633482021236,46.622482471934134,27.670999151886246
33.897324334415,72.46353131115416,67.37279345281956
21.726098745087175,64.45704780793497,37.477144680937265
35.28201979206912,20.37324513347933,82.9093089473049
11.047864210033751,30.928637461488357,10.982179896508981
45.503738418710995,26.601804542486043,169.19027177074457
10.644745216934957,74.93451968725093,5.804025205745387
15.078321241438456,29.550072119027675,19.906765564215426
41.08649846282409,21.856725505953136,119.03727837589568
11.835809288086825,41.858201158889784,14.208651897145863
38.4399477438204,52.82467546538231,145.18925609197
48.84184562040516,21.095856176794868,163.48481782714563
44.86731732569229,11.715742367963157,81.68408784911668
38.40646605282794,16.63355113309449,82.56446317437344
48.340389720866675,55.56634132510387,222.41217710451522
27.19253351546328,21.44138504097713,51.345424533193594
44.91515657287229,28.11903941575038,171.13772368214507
24.238306718944585,57.30031238635238,54.50708848259284
47.19054611615387,70.9953472055931,139.9317209459628
15.951106249684145,76.68702045472274,11.63570388994733
47.60116059713094,36.850795615333624,221.9196069838791
43.308647891328505,25.8460030498326,150.18315808426084
43.84219352785856,61.73925919150641,163.59604239858615
14.956920396957774,59.86967360792916,19.820911295424427
33.85947593366948,78.20958107240001,46.79943002313334
10.655699235037254,16.852162471879545,6.429218883148627
38.84737464202427,71.47010440871121,92.80279872519407
10.309500565036158,22.296216829059432,7.614174056746711
13.392891097809345,62.31347764932563,15.06098477397019
19.019936418000945,79.67977080761445,13.012306949185396
45.00498135492899,26.224490996612193,163.85690392859925
24.543052719504534,61.95258569553579,51.013986447339796
31.59839740850234,64.19102665285008,79.86528454068709
32.72412855275914,29.66715570758911,93.99143148086165
19.018534412238395,74.48613299604453,19.02466539460525
32.885870719378445,14.876480449647627,54.76499901223689
36.43807180118413,26.021597155952453,106.82488719775858
21.92981573269318,30.620558264340943,43.0200787844891
26.745074359201038,16.303740701533663,39.33274357750604
28.1235569818452,27.167652905358064,65.57031893841538
47.29402646168326,65.10143728500387,174.31930523993242
33.4997498991801,28.706348048931993,96.48592255269277
47.930094864725646,45.46309932922945,234.38712678498274
32.24139015060587,19.474773645976768,66.68076371278471
30.022456833964046,51.418097257279406,89.675766634129
10.141288438649934,52.760924416628875,10.111713331347577
29.235561754998486,25.278260943119214,67.35280395815181
47.09819994250607,15.225589062733626,114.71562122051084
17.934627561068766,59.124930119266025,28.912208157703088
12.083645375579955,54.34053994620398,14.114476812640254
26.27115573895474,43.75751000820268,70.35965303905829
24.895859223764482,72.67958066515368,35.950537554471794
44.28612231484975,78.40885627657131,78.78218785143363
11.064444622398382,61.267589250024784,10.531551752028903
46.805969190360194,77.35913508268472,95.4717799115755
37.23611995979826,20.300122656816722,92.07363174113115
46.16903976256871,21.168199593270728,146.48790419400464
34.301162832825554,79.93468565879097,41.31940854901383
42.478132497444975,36.357683460741306,175.80677056707344
23.421754941571447,49.16220685767159,55.38764123515726
23.98264912110239,76.13125494893062,27.31583429257063
25.594969213131694,52.278231301475294,64.70142274771248
40.19188326291133,70.90291470801031,101.92245060924132
24.771646977145913,59.510749180166215,54.753587555941635
19.68879225969069,69.91138285949282,25.519700584283328
47.506734271623834,42.92079612429416,229.68859868541853
46.3204433465216,76.45661588554347,99.69066327239419
23.951892643479642,18.76828178788554,35.66659674972904
35.38552281032189,66.53697982046651,93.33169910336683
20.95368846612303,26.470455787878862,35.752436185999024
18.244605148542764,53.31698652282468,32.544509461219775
23.453581159871778,64.33835551909453,43.81953885618056
23.083995704620047,59.07006518025322,47.94732554253146
45.29104404786465,40.77239115588283,207.0391332099181
42.89215258894902,75.1243741659473,93.15741149419433
38.384929142363916,21.328051693863685,101.87474052150873
48.37380901035588,60.40057725219441,205.09835009600053
26.901734124322324,27.722631168063458,60.8194857865913
19.80132154222705,58.15749864779775,35.863262523497795
14.69593748765957,23.343497156077643,16.03508961737499
22.042134328047993,13.344670327121264,22.267697503316892
15.81054935881815,64.93546613732607,19.576761101688096
13.687443894734802,67.22123785766202,13.64861974101643
34.11728786827693,21.370088745175494,80.60921237934228
24.567497990257877,66.49696773622648,45.04702433639825
32.582813703845744,32.96294288833951,98.90783668714496
17.653428828822264,49.98031859588192,31.32102956165959
37.07623438611043,52.1317410247897,135.94600565610813
18.620217891026392,73.95426876604583,18.79579293255736
21.120943749761445,49.91613644697369,44.851221804411445
39.67041688579507,70.82695551542758,99.62912553803005
32.38951582578848,39.506419787843356,105.08683665778013
23.39345651468077,55.72206171373573,51.976522020095956
31.71955130180774,23.402625866963476,74.84696783024323
37.7593881143297,59.85500132130333,126.36189989898237
46.485284859105164,74.94282031562004,110.6299870182481
33.22852853577815,39.90234586417689,110.88785017530662
19.307455155715235,55.310268283134256,35.60155139573677
39.867905231059865,48.100858145388926,161.23958930768
41.1107607021883,11.015063049931188,64.68820950449366
18.01605259850616,73.544807070528,17.99509747716709
42.82296878711544,66.65032384036837,136.18166428597115
28.597394188913057,39.083933417614745,81.67699539888196
41.190666483557806,16.367780752061297,93.62204862452032
19.499128799530638,34.611673854225636,36.27456031225586
23.303210788707055,46.79492722833935,55.303479356103296
48.147884771666114,27.092135432797743,191.8215363492623
36.3126029259922,68.27535643228418,92.53274811073464
40.91511322006167,30.683392207863932,149.93056225492595
37.534973728825165,24.345323326040496,107.98825348700781
18.17216471393731,22.100480319831274,23.492561976048965
28.827549937861704,60.83887139870188,72.16501275755974
42.358554908471405,48.26358805231335,181.8996891685759
37.00140507637487,58.71820792673032,123.99090586621561
10.241115426131916,30.324157325216163,9.32823220263441
13.496309706112912,38.00021599621107,18.034700337274376
23.871788808542377,72.69250910044613,33.03218228908192
47.774621584743606,33.12817218665084,213.18591189053495
29.64761923898334,73.20643956186763,49.61798541332992
20.80705069721335,77.63998083052853,18.47409629394613
24.416948778148395,11.367385192277245,23.51082122178893
18.42610510216253,44.59612975638962,34.64159291187672
26.848002286800504,53.54392024523742,70.30562486860096
18.721417581978983,10.875097958463469,13.252891476283429
43.83010029211711,34.51149733338337,183.036396404415
28.250823961662515,11.963052595386136,33.0285296473524
21.19208073743081,53.15440332000443,43.98298887305821
47.31566592565927,42.42108117222605,227.52112823966755
22.57405414516787,28.404049269216788,43.514736966466344
46.388586481733526,64.43131935563493,170.97785517176962
11.736723638811082,48.00400862191686,13.978984998999717
38.284602410707045,33.26990635417831,137.19904358723537
29.355561561385052,75.47120348471333,42.70832698869966
27.76884245311921,78.30840555550785,31.228214577718894
11.452933774079263,22.76807412718116,9.552533409057165
11.627327619655246,78.48742564779434,5.395858634199248
23.310144682477638,51.13228130784048,54.17977087550842
47.88478159629733,71.27509027087274,142.27216059482691
34.706399084587645,30.404826836542647,107.30239158912312
24.754993667237073,13.26254177523882,27.925961422781878
34.47908156219622,10.880955687978924,44.97457554544991
18.2452614514091,40.165175966920195,33.48572099365975
16.602657713121495,10.3184194475981,9.913307221085093
24.472690621254337,41.183699882919385,60.57207118540819
44.534134061617266,62.07791731196869,167.4692551074136
30.376069094008955,56.78339765044738,86.30070789426009
21.876060642274222,61.23688485528938,41.19722401648068
48.01006500276603,51.62066147266594,228.94759284794927
42.63864358668239,76.77928698388176,82.60693130699302
22.918957712097047,26.8071868652924,43.150172482954986
48.88392980911969,73.2678555874543,134.4579253949883
49.494043913215634,78.72101039610098,95.89123976413894
26.346405349831123,10.248364925418672,24.801369115675016
36.23692411553899,40.179645017563566,132.09897331430713
26.22612793804912,57.32505477332979,63.788861683301036
20.293924229622846,53.017488547578026,40.38978304702082
13.30610703999473,79.24705819464933,6.623149855284319
20.54441384471328,56.22576575384607,39.804188450600165
20.85919414038981,53.22123295220991,42.58286540697425
25.94556318732558,74.84305238002588,34.670912237572225
17.395441241012346,73.14801028592635,17.1340991732144
48.15273613257906,68.39301511235678,162.0063118208384
14.115195415246301,38.51622760535177,19.81200225916478
35.00834132555206,58.82487411510432,110.77790547943427
27.667895521848823,76.91999251635873,34.438653113649266
26.94072195906372,26.792023625952172,59.59938644427233
24.87967131697118,44.15868637775804,63.135830475111945
44.73258840689783,63.02998306243826,165.06273006375804
21.219079225872388,51.8435784089937,44.63910468020241
10.82304629574493,64.86236587070647,9.193252404009577
46.723880638364264,28.480731420348906,186.74685742690113
44.57921110294422,19.15778088751836,125.7259360550799
21.076071601840116,42.984883289657226,45.21452359818972
30.939501933000738,56.53702226598963,89.8644621823126
14.363527890572684,51.82824867157006,20.456964029265215
13.73708275044303,52.74728349827292,18.55602239461716
43.49864433734836,16.48633064193177,105.07874315878566
26.410628702769323,44.39231539562995,71.15963132616861
36.46866160809228,24.17255245809329,101.39770863662072
47.72802233908611,59.747463248300676,202.32024121739383
19.805223662458488,49.08934173688639,39.61810511593623
10.526393251634456,52.05442865102528,10.965556191590476
10.965936231350897,51.689682644468675,11.93755488473141
38.375427696126884,31.434943520836836,133.73877481379546
46.98207539173913,15.83584539599795,118.2605742124574
28.69321092051484,38.91623449225665,82.12299147908463
25.00436592390075,30.841898972610192,56.163951773229066
31.714416987096172,49.87952423659923,101.14791382610096
44.35667350325763,25.619642386371446,156.5513956113452
36.08615495171766,25.65912581214095,103.7289841434931
19.31919586728425,32.76091934737502,34.66173713551374
40.98320818082294,22.13271450602127,119.62745848719301
15.3845398934588,38.14075327927449,23.46245842136166
16.622398829148516,67.68120406040583,19.809881062211378
34.507291312359584,69.64030689306573,79.26465664654161
19.551336245705247,17.577294170429557,22.458811417997534
38.191141902221226,33.15110987582817,136.28312082299854
23.980741095678265,52.92484595787903,56.450246012650084
21.096958400295414,25.886395399006943,35.67752411810976
49.9567362389119,74.36338366158638,132.19946337828952
11.624644982338381,59.46433590313305,12.0684593480181
35.83290086732448,25.420295730520838,101.59192955283788
11.547983400489773,17.467797263306956,7.792548108798515
40.40841031676017,15.164310016082572,84.13436741969163
19.203598299931635,23.15818546842081,27.21298990432098
13.59327468289456,37.688351734215445,18.24403646251194
35.93798847636191,62.55520523590636,107.80993138158179
39.304048691717135,19.869926371014657,100.77553861013868
37.12381259675375,12.552354633660963,59.665781678989106
12.07603788536829,72.41904024111713,8.569622851654634
21.772277822166245,33.476286771802044,44.50973138852292
28.043533848795,33.12531215008909,73.45314481966606
21.48413158901986,46.75751884270111,47.01016138197182
42.420538250814836,39.388081061738866,180.11074037783015
15.244604206107875,30.666108756483457,20.80711215194193
34.487174467623674,60.09055245029714,104.91179786932116
49.52859774509814,65.45180205702749,189.19076535374023
46.102261543954754,67.83957706698894,151.52837968501157
18.886282499403944,63.90211935916417,28.757707568420678
10.003275504546707,58.3299469314056,9.125216691826814
49.223893682479556,23.510864949482652,180.88679014851817
45.3085193878951,61.21552734144842,176.80532693611246
46.778898653104505,29.229796725798344,190.3057284721951
26.620142033505335,60.527226619309374,61.94581695427685
39.78461848626924,16.850403214942947,89.6158263468992
18.513259942765963,39.6111181842482,34.35661341863184
25.6921628433571,37.51128075110228,65.06760494652256
44.06192205548701,12.569080489634374,84.15653235747355
15.10448896872083,71.88137160641571,13.76160844948386
45.75461471494556,57.353607662768795,194.065086889674
29.860318895004525,64.4780203121372,70.75139632068023
27.043826214902978,56.60046968786009,68.5940759132504
22.225855523724736,34.0100112078287,46.743157516596455
46.673951410911044,45.475571314226805,222.2609774144986
30.704938430451563,19.012169525424618,59.26092059116919
42.16105473333911,21.313211026185254,122.835430383007
44.3060714912413,32.68480077222863,182.08388883190747
46.89529418366148,55.057935639979966,210.7160383977985
22.13522936132305,51.97163205043086,48.52360884955474
23.592434161773784,64.26821057398436,44.42670055147172
33.8029550539046,47.25100104396666,116.23614897411586
27.652965418378844,57.29696468424731,70.9504385724566
47.31370130478968,13.071864751301923,100.6505962604272
25.902562065339456,75.3308532510438,33.54475271280205
29.111121935008413,69.23309391611518,57.338443011041676
34.68744354213072,75.56302528325978,59.28728813174598
26.189579438949902,22.15375241632258,48.888081435947775
49.69913743700426,20.218133618076813,163.47441217895366
13.954051382359456,47.817086662580216,19.772947268470187
18.824132712288094,68.71029648997059,24.46488408149348
22.90620524494601,61.68646677567801,44.71186326614066
15.908913745584808,28.103788680027925,21.462797593713756
21.368769381262215,43.26744781112634,46.509132837833214
41.16981171437921,26.475186579790147,138.03734142925163
30.915680035408712,49.49611545586156,96.32982738955035
11.3581454451288,49.72726116167811,12.985211077153647
49.30490340748755,15.818394000825014,130.1147974642236
34.64025910266587,54.29716657776974,116.05206439235293
12.357579144120837,16.792121489713473,8.619725362928575
36.44675087187922,11.953317827796923,54.93028726788169
25.134774827809355,69.85906711644877,41.679733867658086
15.42693188500289,27.391301015012303,19.839881085433834
32.546583715967714,42.55702127569775,107.69703066976484
39.08319802013321,75.65726337887538,74.81631859819218
36.84506417880487,53.778940971206524,132.07282988887573
19.900526140014257,36.082408913010525,38.46921313645074
30.99464885811631,69.62890797979364,63.978192893230485
31.50653776283477,25.020221797513138,77.64013848161578
38.672134565281475,44.1783672388544,152.5427496983677
24.39469395764268,49.60171218235667,59.942875817667094
41.90930380763757,51.007844726373456,175.29677088806895
35.116873955824,11.225691042839541,48.05676514360495
11.533264280741546,36.3877228474998,12.964348463454296
31.859160866763396,46.04249569365981,103.50348517870445
44.4764838172708,42.04930439276913,200.78306246652863
32.702966502211254,67.53600721704656,77.07023423115619
17.0331306182278,60.60587892620457,25.31978366661393
30.41505481390336,75.25142329749073,46.47846919998187
40.277833461172044,25.664655325471056,129.24632684171462
14.40420785781602,20.935168814738812,14.13089126940435
42.68396314960953,24.22533103052887,139.1324353145519
16.69926564652244,55.94645379827537,26.403507074909417
31.36305968864258,27.617886893542433,82.45579597445322
25.4297392974687,56.5198510432559,60.72338311709033
19.94495070045423,57.83463469733299,36.58590480228716
35.89730052034929,15.692844086296242,68.48027354893689
11.495684350897575,61.8007297671587,11.231562340731866
40.4018322697458,31.97751148002658,149.64761179121425
31.077625549374837,25.47842876006281,76.54329667675212
45.030848421754115,28.11683613532477,172.01164312062798
30.828732796853995,72.74077534756373,54.95620077449408
11.401326741361926,52.35748035228779,12.829261328811434
15.74403875528568,55.47992002151943,23.61971705821522
41.82418354563309,25.198658549655814,137.5283241743115
29.679041954317924,35.197417142003204,84.67147489468347
27.675170858634345,66.7338115309835,56.7217353573544
22.737391255099737,33.81226610413616,48.78208189453447
21.381967930685217,66.88554614923768,33.687768049164504
48.63545249959016,23.998937058897113,179.36545130851812
27.318773231337104,61.2662923412881,64.204882453955
45.360121307000675,18.17676901540939,124.45307112851395
35.926524928230975,67.56697584441412,92.91196286562935
44.337105850946394,57.08984096292151,182.99103809161613
44.0979817909595,77.01224594701316,86.91054583397377
48.25248111158806,12.06654828361065,97.13715710099342
37.91768944812376,19.229994651902608,91.24848836873011
42.21587741577465,11.909223273666544,73.44034963535096
39.32511581610326,11.172519046518289,59.99388669805155
34.20907343783122,69.22369383472986,79.20843950543154
38.69416535566927,54.1997548921952,144.96915059702602
38.63001645699332,55.06347635340872,142.97433198005763
11.636311721451907,36.32893765876926,13.188627981881718
30.6444334212601,13.73085480018424,44.19007337342066
41.70605442905898,40.18310481161406,174.98624299194304
19.718487460400162,21.015696848567245,26.564163988057587
28.60591945896054,75.42166687794735,40.68107452487706
27.399428438415804,71.49814930920431,46.105972296157596
26.11148677136976,31.064342704197436,61.502007006347235
14.87358111069646,11.21292947241024,8.611631759364283
31.028461650805916,11.464795640483288,38.27480445794126
27.84993461081326,47.01871609523978,78.94836499120443
36.53571029110563,67.62083842958285,95.90790592598906
31.976522351298065,33.962577322883455,96.68800551828147
11.101717186086129,56.02115789465776,11.65709606522546
11.276719504230055,70.05878309248847,8.320372037835329
38.05439204072931,54.535596545995766,139.6585020677037
38.30324474237424,10.429076581066948,53.304376582478994
48.397565348978674,48.57984814409793,237.14901400085566
45.068187260152456,22.239469018427712,145.21563803046215
28.722386695490236,66.00446962191779,62.5500142315925
35.036260467406755,38.866069835844456,122.39883490749678
28.28726910785064,40.743967810783715,80.75056122850678
18.917849466710116,31.273653834666394,32.40655450743974
25.06707989025371,26.06887728896322,50.62060464034921
14.155369298586645,21.19681291013155,13.785359996544607
36.6610847597997,38.53729992711574,133.67144342470436
17.681205748558703,47.63078288508291,31.76609911645022
29.018711499644652,73.06576780081107,47.88615977057255
48.6974641208551,38.13623819642238,235.07176553429338
11.266757225923492,32.52272903670168,11.743782949084164
16.069198002248484,67.2722360109548,18.779017452602904
21.94316737486872,58.73342997702374,43.59454532330706
47.67227857665018,18.03489426986237,136.5373872866438
46.35367184513322,59.51328242181214,191.71221778262287
16.480033632478424,76.58414634276245,12.509045559712707
49.244710931099114,44.80459613271068,247.4474635787198
40.02990100517684,44.34100220226795,163.46622819354798
31.599083317303908,60.65023491442988,87.05863815163923
47.26811531845944,23.989989864271376,169.3742050878156
45.22428568706372,35.69028079921779,197.77435279501944
25.652659700690286,32.18448778929168,60.5413178934326
36.253727839177266,79.71182635705415,47.13562103965028
35.89540582293374,21.313274771478582,89.03884201585944
23.078727432918583,22.17680894691962,37.99508820366784
17.175606986186637,42.26347556555228,29.96496067109488
28.672395098479146,29.20183289024537,71.45281502608206
20.531241452266364,70.94741425572039,26.543900959454305
24.2026050546561,40.55333521249837,59.053462824319254
48.165758755938384,57.94279183252196,212.9770678522978
28.445514821286775,67.2741988597183,58.8413690794896
37.395658619063596,29.043217686086315,121.12826288052065
23.44919579070616,61.29162967631835,47.277698301648826
49.834443138030885,37.936801877837894,245.75211630321317
36.35070424166669,27.81635892056907,111.2968768287117
17.840378629823356,72.30761713026776,18.806541608668745
13.92735994485868,49.55243429405418,19.54361087480847
47.72722284708332,44.74321383185739,232.42819316781566
47.7911132884251,22.642210124980224,165.6145248435122
34.853135017117246,73.11484346243972,68.90122366623912
10.679659973849729,54.64893695278782,10.984361810033489
19.02139537105952,76.33365632071941,16.951937700312545
42.051071364741034,13.102915247280418,79.68091690596926
45.01839317252149,18.163726762833033,122.50912054181418
28.15959257650615,71.41478435725921,48.887601499723125
24.62082473109778,41.62349151954166,61.42647555203334
20.96900045832181,42.68846131968952,44.721267098973854
14.678820550655,25.62967989709295,17.149183877433657
14.629781437963878,44.189929998498286,21.831116712388003
48.104107936318556,40.69661026925712,233.46392331653806
42.34504458902001,60.46000666739793,156.9670251880374
16.591174423579723,54.48391094494884,26.563307809894496
18.282001995357323,65.92896434893188,25.401660147616045
36.22206202641707,64.81711240188035,103.10640163065159
40.58656860734523,39.50623579910729,165.00744373160663
42.4125938104179,31.103888417527376,162.37989634541256
16.533507653455317,32.87553378317459,25.432501546870377
49.36513152094789,79.29584767924993,90.76561262831177
19.11208263260106,38.64624760275002,36.35965737508662
33.57661732522789,62.882648449748075,93.34529392514288
33.5046302127524,15.79194630631897,59.993564742372925
48.6944754257072,40.069552226899745,238.37975287675226
36.30669772300632,33.021022858846656,122.91909115031791
33.39617065285982,21.214927385455137,76.78381041143629
30.750903146559068,11.671147542513697,38.23224274719889
40.586301523901206,27.636402039994774,138.14589395650438
14.242210423505002,65.53251556391167,15.605568580596657
10.083676047329098,30.824421459766928,9.131053164857413
48.09955471157855,71.11122669799752,144.62093138993677
29.946307180007427,50.519338170253775,89.81522526998819
23.13341515341563,66.33149831211661,40.15586197750331
24.72213040332423,79.95538145347152,21.421570784803393
42.153732644757035,54.83942617238355,170.73010047745726
25.29480849675007,33.86157253947032,60.41556095431781
40.80676695974772,31.70171105446896,151.93706300886586
27.61848008351416,78.08813504713882,31.439335145783836
43.763098510017656,60.019724690542006,169.179565544622
13.048162561974097,45.17520692699345,17.37258797538767
29.245133103205454,24.98533141009779,66.82645236080242
28.67398840853555,44.29269074915271,83.87214538965281
20.573119172482315,63.34979454054598,34.62815788277861
47.7445897977863,78.23017358707986,92.89931971691017
46.20113831436203,57.09668725197122,198.67987428456593
27.7438520778363,11.724503458084897,31.254827509501613
13.88638422861877,42.562189922330006,19.60550158293011
18.271325955868377,67.93740494876207,23.71733147124653
20.85967345853833,45.73622188285369,44.385948755217626
29.36879094085757,34.08751890135842,81.70443142437038
23.535084448749124,70.27734533183704,35.909767660547956
40.96544279201933,50.43143199816592,168.17311565652537
29.041064305403346,45.30738752976397,86.05457828918856
44.81482017773814,44.04014260043451,204.82050080549467
49.83127000541122,57.7045837526921,228.87260448420557
18.793438000051488,41.86979324178302,35.82520979496757
34.46685508700411,49.69838824746459,119.59420651084433
43.900092421125734,30.196084064868106,170.9771674874245
47.80946539780337,22.030575510958098,162.2005960687983
21.603457001935222,67.4037303505415,33.78780362637489
39.08170975785518,32.34382906223753,140.89153089446077
10.60064593668383,18.796521474325715,6.9952505072366
45.16569753558134,22.898342227076434,149.22168294984635
12.557541964584317,38.88634047668741,15.725982021359291
39.33581594679276,29.979881970767337,136.67990145062393
49.78441547470637,58.65579094073363,224.7140140632549
30.047591231707173,34.493061267701194,86.00121639386433
18.37335962933478,51.00950147858959,33.6918476494806
33.78574331546099,21.697739616777106,80.0233440998828
34.96599918951563,19.560959943821565,78.71841663967012
36.722909493145885,73.44175142956551,75.18194985971894
16.904469686916045,70.52103288334501,18.333896857193903
45.94850769729632,72.84139298998178,121.45683430537227
34.83965470001914,44.5401660452014,123.84134487709926
11.742748182109475,14.930593965379261,7.005770189926011
37.36164258828025,31.71310341670973,127.39069383457279
17.84336186516,71.6981395983426,19.372039895062237
11.09363125277818,39.57529205204041,12.333554691237927
32.038131009330215,32.880716424520884,95.5055930566207
42.53254554323986,30.684781603642296,162.0230881444692
44.397645931305874,48.461043296054434,199.67175110548934
14.140837005966308,41.65940474758085,20.265846956508618
36.521711427339056,36.24227291027424,129.7952249449357
38.4030089783188,39.61304906363741,147.83614484778238
21.780679762859577,28.66652891551856,40.750902570378834
48.85455994739014,23.427598206802834,177.699203551059
21.147498802721874,24.129383089052155,34.05049791446789
12.799287575395187,12.684108836635563,7.16191938486922
30.771214445713056,76.19227398786906,44.78635788087512
37.772595447054314,76.95527867256241,64.02606687376878
19.7863914825054,17.202014361559772,22.572247225785592
23.543288089198278,15.166910376905696,28.564821398569933
32.54511932126279,39.13866276108011,105.825798551943
45.467126631580406,63.476115595674834,168.5738363039248
39.893036237496574,67.82251783947092,113.52940515756676
18.383678364591226,11.497278894439651,13.47161204507509
20.07108282884412,29.83116641856732,35.47793805910897
30.95522756669974,47.47143710889342,97.41454762147154
40.75834779859456,19.45669360335972,106.4797171214121
34.750471127709474,77.89928935020586,50.51514584305947
30.05297065203663,27.59063696619354,75.66100952901569
33.885013593609685,47.19606280949675,116.81859480700643
40.24240116518642,17.675761065562387,95.61226040717885
31.483191752013763,33.72341982071536,93.40704937616817
45.91010976816148,18.61778800085743,130.14069764095535
47.882699619611124,73.82927814906691,125.15708010331123
46.61418026501967,76.49031060971082,100.72678131799027
40.18073360240088,47.892437521282616,163.90503215431704
19.852840159648913,34.48936212533325,37.54127470098631
25.410857840355504,32.64441139956194,59.85527638952289
21.199998042654027,74.6574708862723,23.403834562293333
36.306409642364194,53.35367332313669,128.82758124916356
22.968864977667437,38.6714780310227,52.525342806317184
40.17566419617344,64.00836459612674,129.7576878971219
14.540363136371294,47.470270267545516,21.493535110331724
41.01459051370767,25.25805106613676,132.48213637951764
33.43607898613342,26.694365909260974,91.57100519495913
43.41554748586,29.264237009906672,164.0447974197812
27.235026085228476,11.12053162251464,28.648393724120446
34.99857812835414,27.906945467528054,103.39370163149769
32.17648526262057,52.79314670473652,101.76061433090388
49.02685065412326,62.73691994117638,199.74196630544748
40.218975656724396,17.940140783328857,96.73928497327147
31.792529976304664,78.05719300774207,41.76233497008409
16.961283621548816,44.21247624897838,29.344535607200374
46.16456867400533,14.356944780784263,104.47855069769795
18.233511307332407,75.79834289034426,16.137080124268923
36.00173027160627,29.017084810717364,112.20259207815445
47.45887411898777,31.679885449531103,205.4321413553468
18.94318520846766,42.154218836563864,36.43624797771025
19.036941629456614,32.70606074337013,33.626913717184294
44.07275641688099,22.43746843982101,139.84576487891528
43.10620103875539,18.899016245025134,116.20607078590115
24.068134119108183,45.67795304150003,59.093151106107946
20.603851547273795,14.937104847738535,21.576703325603724
15.095538890470506,59.68839167495804,20.26259344925629
49.51744412400578,33.9320389018577,231.7600338613294
43.413724035210656,79.48369182057615,69.02408711053542
45.97566419756147,14.399737953003648,103.90770622584675
30.547173040416283,13.40002310729798,42.93142168436272
14.575393291450958,27.62663260498095,17.81217275086566
12.103213538012373,34.6127781010934,13.975890301224078
23.223284112597973,66.92726707518212,39.68417576872721
46.813217319473594,68.07716952380903,154.9057255442032
47.903273405497885,60.65101300981279,200.0719070068387
43.646554630765436,67.80090278147239,136.0031607722742
16.347165738821626,60.9840022565361,23.132937774673554
26.796926844443163,71.11024543244895,44.88882279718085
19.849716748005047,42.51592421489788,40.05417867116853
18.213990989134608,29.35067197330108,28.92554129911932
37.39303400442599,54.06208221026145,135.598452320185
29.444466708790664,35.51982679870562,83.66710718305582
22.99638579903303,14.735022852224931,26.547911802515323
14.008578493392868,69.90852810223984,12.920425168063373
31.79053483966517,68.3867141456539,70.62969198544351
23.881006122675878,44.74189134470995,58.19176597620206
25.643832246018377,42.62112757517316,66.87145089575937
22.420349671788248,18.320711788022354,30.61196733339454
25.487808196780687,18.812828451851296,40.469188274821825
32.234383383109034,65.84310044563969,79.1800956842857
10.56575222388172,69.78069486555276,7.388797524314894
43.905879808939105,10.397706601121218,69.83722004410143
46.876794465156244,64.87310034869547,172.40533110841372
32.02118761834812,47.51791229149548,104.22434585923833
20.720844671384647,40.61458835195987,43.29924623703699
49.60956000856316,43.28449654347429,250.68337968125672
25.327761200256734,59.913472854079444,56.78751315930125
37.74621577161987,10.167314864116017,50.52177874226378
37.59810188980278,14.388477486201957,69.44051141867162
27.372362586366798,68.89346370189214,51.36844361710593
17.966326293336902,79.8355761804512,11.442794067990464
48.66317503549566,26.910933719502786,195.05102916235546
12.547634372794828,38.00822062065203,15.58952224988716
29.40597551292187,59.13634544322308,77.70960313562418
18.829228391611174,56.53485685337221,33.28437242720967
21.758965289112457,64.86134246456146,37.158615291795584
43.14109288778123,73.98851864797717,100.70344753352491
24.690622519316705,28.48490775589297,52.15317344038303
13.333930788353916,46.89528548412515,18.102526721536712
17.85236020487941,19.834579204908657,20.759959202783666
44.41493641060725,77.92178826906374,82.37560682672932
49.081154002406805,63.017979238692604,198.77554006106084
20.719286424654946,23.114562706911858,31.632102534210965
37.01635950812758,61.789719986280865,116.4846694578261
13.247959899991631,65.91836435385275,13.343093284406198
38.93862367325393,19.551399094142962,97.58147700992038
26.657464496018367,44.94613890619602,72.51215891894913
46.72639673151567,67.59162818978274,157.03266421063043
22.46144679813362,34.30192990923905,47.93321506381605
47.658679896221,13.533245700114804,105.46113417834451
30.129897083300182,34.08568452306894,85.99191789707645
23.95571696134997,64.73855464205879,45.20029794140873
35.88078380546834,17.027961922303227,73.56770505812929
19.989848132445044,31.717328777772252,36.470087333226594
19.190543893980603,69.75083806503503,24.404956146390546
17.853857784990463,21.335472461957885,22.046072881250954
48.39598255303242,37.20563942134931,230.2056632823658
29.71654910474294,48.792955493235844,89.32088383565464
40.06459851459973,22.455745508595985,115.64013571514573
28.959675253226465,59.04578913612325,75.4964320463833
33.50160640268468,64.69148310724387,88.51991600686443
33.36555924543995,54.42086024372372,107.51079101302429
49.19545231669551,70.32653629508596,156.5752112292958
36.73732496716488,19.14908154021655,85.35092504553386
19.590778862857615,10.230648880633597,13.690433321837352
10.607906366550996,28.6858202807512,9.670325706151354
18.747285586988514,68.80248741413185,24.180435173127325
28.22078569191827,18.888118828000387,49.78224093251048
25.73681346905923,63.468969612671245,54.02392984554334
42.493049572653966,75.05104431583038,91.84101451807274
41.42227020005009,49.254048798832244,173.15530387009653
13.56383871653664,71.81275305278974,11.133665524869688
48.08042899876776,27.367318021305987,192.60153356694204
31.098267095325106,60.597524768500776,84.41509742203948
33.85615851439254,64.60930754562577,90.61597351661626
26.202270852293374,44.124628947423936,70.02433763162577
35.98003822782015,52.19271141029106,127.95652423343648
44.8530521399786,16.222632520781303,110.13428234058689
36.95743867277997,29.34356569693267,119.07195238033972
48.80394175278011,15.375607188760188,124.27080629811628
38.0448899864808,26.760866625532046,118.75917212416587
42.868829457839055,72.48002661239079,107.666497732652
11.801583352753378,12.159212531417191,5.8525974377337135
36.907940559902016,44.77811579643928,138.99543046688535
36.19010577815665,46.5866193291313,133.44036668330887
14.069842039264948,30.00407421245883,17.495189582146555
43.69549984254441,64.71363926590962,150.48984889282534
34.56689615604523,51.26806547447908,119.01875464501339
13.933123615397317,23.667147430055707,14.566241585829065
33.77868474890734,42.983043466919064,116.14008329632058
29.136633933158972,11.63579066249648,34.22540631438724
19.331742795512213,11.2534694543232,14.597636931464633
10.790243623186836,61.44202634145373,9.976938748615572
24.62269124743047,22.058478537771066,43.06578633412029
34.794043098803044,77.7937484858477,51.05666367094244
23.17116533949171,35.074722561452916,51.53070893000179
22.290186100622886,58.910125488821805,44.83920892375361
40.04484968494597,42.37332034466839,162.9443065732284
40.344985902232516,38.66235746244155,162.045840742243
38.750633419167,56.75549779912287,140.50541862834842
14.047278164207553,53.824006506256694,19.18767955373112
30.646638278877738,71.38042607796751,57.9959642670506
32.31194641460874,15.909494066199363,56.1702549352403
39.792181077615766,45.458833269497724,161.55250903700562
46.12710889043469,52.53795210988351,209.6407000391691
24.76155464152408,55.489536807271016,58.41741473082111
27.146538893563182,53.783604062413566,71.69046665227982
39.3106996959452,35.74906371646716,149.53653275187776
36.505456746808285,12.17539634868023,56.06943362801434
32.31479603673566,59.944748294869726,92.38254184587045
24.0055852801181,13.068759743110288,25.90426000029579
17.81409386228434,42.950008206087844,32.29895915546621
17.35229488031056,60.338623947885765,26.424936824761502
13.263331617994908,29.14581174993497,15.271198156714064
13.248033995443551,11.946040316527649,7.2535086143522065
43.83192894534983,16.490433657000555,106.71868319581414
25.346909966954296,19.737425871464286,41.67764292072435
12.42958491793794,56.55686413097545,14.499276494821883
45.857026861409594,55.747136948438936,199.65523799997365
18.930818974142582,78.4878640441666,14.302893695316207
20.724977212451382,32.671444709148574,39.83274798883166
17.779913581777027,19.195954159945657,20.03321989629358
48.700042395311726,22.07720398500387,168.5825390416221
14.501603446732183,12.25143631219275,8.899809458706816
38.88652968658706,67.67148004605212,108.45312890732379
47.28354972175643,15.330869387263984,116.34226471596799
36.720051812892166,72.55620606961611,78.69594772030439
44.349064378106576,13.390609826165006,90.4314565623382
19.697884076530066,66.93183137541273,28.54583538130583
36.95711914375434,23.702888468840904,102.59956157869232
38.03485359867271,11.61581867603718,58.227573636776086
28.33330050691903,59.10816824195124,72.18173425130009
44.82182482454138,10.185503497663134,71.35988903143566
37.775444006743015,30.836889316014428,128.1752557832485
45.79511164555331,13.996489343331104,100.44338755112128
40.128174130939186,18.49567490567935,98.86640067268316
30.811616852539903,18.778731672247027,59.04961624098382
29.947528639825727,60.62332390299561,78.24068917123996
28.149105068002026,78.05083232919706,32.75529070509335
10.865874514122634,27.12106833711463,9.776614618484352
31.40565600060867,37.92343358408783,97.58941881125747
26.918929348570554,36.20728487571114,70.48623093756065
16.30134384410546,27.975803491034565,22.46711510035747
14.762787935477228,59.88926418648876,19.302173354820983
27.974075132546457,28.991871801147866,67.70626554458849
11.59652214184998,46.00902300379763,13.713869362093321
49.46319556401813,19.082519159691067,154.2682913369419
25.124837252276944,69.35741316984397,42.500840339640455
25.28436771804526,58.11608707026763,58.516123951992455
12.04505202146747,47.71310223268999,14.738074884129999
27.066893358105546,52.98598326978034,71.87092912153297
10.62981749252967,25.705884340653892,9.012330212445823
11.20374533331316,69.08390847923775,8.542684631094467
23.563969326496185,18.568645457025234,34.20671717150637
42.8387579098351,71.68066937147995,111.7511668026871
28.35284319730386,52.91981032482771,78.91426873496673
10.593623168239507,75.82595917436213,5.437487873939467
16.528801267582995,30.17141176592432,24.225748711402527
39.596908878071915,75.47669045911535,77.67917434187618
39.53174948578872,54.68148502785344,150.44541617475653
40.18091625619654,10.699181490135643,60.10743064739938
24.06677504734141,17.20237675332402,33.39530564301041
24.091077881559137,51.50072974635528,57.70424540597332
42.08302668155932,16.655598701445435,99.24472573569788
25.9255154195666,62.351369425147496,56.38482806096359
39.08764020242252,57.03798977477885,142.33972395872377
33.2449203552472,23.113913390697245,81.43660027757666
24.573667182988366,54.5847902762828,58.202173932119756
13.200260800205164,49.67037763160002,17.544536874260185
14.645015058934433,27.243409479904933,17.81428187272625
45.58234893235617,59.52941954827924,185.32715910914217
28.093620400895393,27.591502921591722,66.1183286925935
49.760181557377415,70.53094039225948,158.79242250693602
24.555877939740224,37.736961610885714,59.56282416101028
19.99817218679731,44.66892574126922,40.8061412918032
24.02157279243951,56.29289076611245,54.365357837020674
23.723443878559706,71.8075748170061,34.067083935804874
35.49426926517859,41.93171122550508,127.81878844902403
10.509502547356245,55.843054245674544,10.472679583692702
40.530745490686066,51.779457306768855,162.95480474109405
26.6565850078818,15.050624910663906,36.364659368580774
27.289567746786076,54.30232994860125,72.02073983215186
29.244600605229465,13.245693505977913,38.92797243764479
27.96849795184873,45.39276839401018,79.81258779877679
29.898835962415802,17.45690222249014,52.20825873465244
23.836172414300986,52.607463931716254,55.94366811783078
28.1338454756111,60.46888223748486,69.27568275873847
26.186053427238587,65.00462882301397,53.593127222338445
30.72970871908315,51.30078127653315,94.03747110794504
34.93076339424511,79.25084889286329,45.62814780664817
19.641624288701,35.192898196726816,37.082393778042366
30.337485952325775,10.793188907706918,34.551507755122586
33.784876768436156,67.28950696413824,82.96048677134351
10.677932583604214,41.66328944163973,11.55568698502469
30.819749546291135,47.98084056764675,96.39997318900498
19.571729841063224,69.29027316977209,25.858650888791328
26.181541917785903,28.339296373265245,58.44722889248691
43.06120649429532,32.8723625792576,172.50822535215573
23.049423870418487,16.76971581857942,29.95261894600278
29.328676949964883,57.72543304870306,79.25461488756326
10.989646146404617,24.909640585856714,9.415474274785876
22.350035126608816,69.72664313231613,33.1351543123124
35.588843723443276,52.71904290781617,124.57820602987583
22.606470982376308,73.79558401832456,27.949198963627783
18.231900247271863,14.269643799061441,16.204988220262937
21.626227195586004,79.4195914965496,17.22768343356436
48.17513227235773,37.84551072927772,229.473864994261
13.472072890091127,48.19644708118742,18.40491359675964
28.534310542988585,55.06138450594677,78.01079020558808
12.33547614634498,43.969482111920556,15.516891245408496
31.546329651552767,46.952183644842485,101.31236876712256
15.841429479377908,39.20089345606441,25.084372686112076
35.363392209886946,23.081834154564536,92.04717202106666
20.575898499604847,77.86099849897136,17.762621866557456
37.636615556890504,66.07672985362217,107.15645289762904
23.88584238674916,51.852410902353824,56.56019528733002
10.166739544303041,13.960729353047686,4.938841608635608
21.795788360729794,72.63065514116009,27.62281099034429
13.275777562041956,15.418389289983603,9.218653441063994
29.801585263589235,64.75271938777735,69.92375237110836
21.55560274616648,14.118226057383994,22.431465372382444
35.59967475048515,63.28872078191832,103.85077409912589
29.997437897255644,69.12036765967065,61.15302929993659
11.441794103834692,41.482477996963624,13.2580665052429
22.745356022815876,48.821207135874694,52.32201813462117
29.56236762958236,68.63068884979901,60.520338408827755
32.88815370337239,77.94811196662623,45.074266634914565
14.194851757120022,11.24373590532729,7.864044784672994
35.998851617075836,19.085115387649644,81.7221333527435
23.74790710893044,70.4901930689229,36.23096818763132
17.316851758147187,57.49839197902866,27.733129560710072
42.21306753116133,29.06549345481946,154.42125095872396
12.74493547492546,41.15886643336205,16.42606928967584
47.19079413349188,17.782101764260744,132.1672911207102
38.25064640521582,12.007664100867924,60.76110248861001
29.023640811693948,61.23895991778945,72.51259965295313
10.44643539536477,60.68503830877344,9.507753411821772
25.60501244185592,58.60015683671269,59.50148502694101
35.83193654112982,71.91151657305258,77.33452991321238
44.35652392165155,30.06481894338894,174.09464410515992
34.710559764377024,39.65324755265271,120.8061028528591
25.908296850031412,27.54044269518176,56.16229233617137
27.894375469792145,53.77154181654052,75.70483357536202
44.931813074131384,54.59118516899142,194.5689051321185
24.054292380271868,38.544423800824106,57.549023284133
12.606303944872286,75.45917140600568,7.881982110025721
27.70690227399691,44.19849676967434,78.30326570355027
49.938365040388305,74.23524481001063,133.07377436414586
25.190914506912712,61.13196552954958,54.7552500006801
17.722188667563028,75.70568898567728,15.335800741155976
11.805205463912278,63.039068222186955,11.493379497655328
16.838755304214455,25.728494892861235,22.629697309334993
22.962576174780793,58.27648208153048,48.128899877117895
32.97113341848366,26.69075227283298,89.03368392304672
36.62353663025134,30.342904347611576,119.3397401126466
11.712756967808463,25.501155231908996,10.879500689840299
47.44720412775345,44.74622818546879,229.7090666598012
19.425533794450075,40.38114399544763,38.005859649367025
15.96248030673722,73.49951251764952,14.161029170525447
31.23317736249158,51.51913043499685,96.9757473765121
37.10343276017187,35.184093086963884,132.31026962824012
22.29011157439592,53.6346268564205,48.41339155482247
36.777648749787595,33.90730622191607,127.80190174453077
21.771754120592952,68.5422054593202,32.93494597104892
46.08686080644822,16.235908319411774,116.3614688717727
45.22778948684936,25.309911178098414,161.33842170381314
12.847775069640711,16.583528133003117,9.214721415907059
16.016100807841585,70.70092989855382,16.329415312305017
37.92234744588881,29.044674286518504,124.56822982300406
10.004804059558996,79.63104478160498,3.616673604628179
42.872544601068384,20.63325047621725,123.7052921687238
24.249592498611463,32.69179087459073,54.550971647848435
39.78479579018003,72.5328054102142,92.48863652519314
11.769488274179793,54.477490539962254,13.368309705784915
18.370577175922897,44.63651262189539,34.43376950868755
12.832207183807945,21.467606249016377,11.445447128096315
17.192951804180773,65.36461501682953,22.85758336600473
25.376849290991338,33.31158147704673,60.31868182637064
29.66207244015815,62.717532839274476,73.14987655914632
46.643654405677026,50.79636918319682,217.47440961221196
35.08696079944114,53.16691342958874,120.5517468929919
38.259192559251275,32.769608133313504,135.95768999057742
13.284427066901735,15.253295441418594,9.141411460607962
21.47148352533694,51.67255524739639,45.77303708128978
49.669276518123496,62.04483876055908,208.48006728599285
32.416892065767655,50.32453225195851,105.38331688009532
41.51269733602011,52.081149267541115,170.50274439310923
11.299298640256264,58.81933904502511,11.541360437801655
13.363048565330766,13.135913933467714,8.065405279194122
14.369327924067022,25.658135207108273,16.446738743487398
10.61143377355101,52.970494876618254,11.048204550856697
46.879158746293356,19.493345437583685,141.0849665686339
20.14541144692473,28.920140288307543,35.058057004991575
49.86276524526558,13.150883510276259,112.41577401777229
39.52519402169437,25.06992332659139,122.36667859413018
20.024431604643823,10.811941650070828,15.07808060715408
49.67218542740142,67.28143049723678,179.37989538691698
44.74135430102221,51.14296515079749,199.5860747157997
16.59992021683937,48.26847346272724,27.93529148613988
17.41287645034994,10.393163599867686,10.97997172408046
37.20744565869262,69.50869180927123,92.6456276842399
13.131209823770806,10.004748681859256,6.0205036974960455
33.38099449574409,65.11228336948177,86.81453276195522
12.664116985961948,25.326595625079676,12.655648326632003
18.85190425075482,67.41417261648911,25.71974197442291
47.93759813302211,19.03868950934985,144.6165893714773
29.94286549397458,48.31379315995711,90.8758837948656
32.94851878055594,12.061720068963371,45.27458404665597
20.787331114410733,48.82555714395686,43.70062244859308
27.602465806436406,19.310379181105365,48.52521837045196
15.32009624290299,66.42730778585567,17.55696293949676
30.664652412123345,26.53719777077733,76.70488006290562
12.158231711996184,18.115567013904474,8.915272551403723
11.929974742546792,12.129064467177848,5.966702272856409
37.185909584277894,50.19010042081523,138.7919196668553
12.199264419087633,56.33789131107794,14.01206880263407
30.851353824764413,72.63817078501208,55.32313831093514
20.64105976628817,14.32400880407284,20.843029622049873
17.50775772028263,37.43397533563232,30.193212735193605
32.93275560218588,21.4168137728278,75.2414416637158
21.858531893988996,45.15436318783767,48.75392658120521
28.255294989080216,26.689275508912377,65.3837225495211
15.558953548579764,38.77262816675547,24.12082252340354
15.059427538128908,35.803264132865564,21.959213227441108
14.261157394199454,58.30022032387737,18.55642183196073
12.862404497353292,61.93360367533999,14.017471957283005
32.148548748030606,39.72635271232747,103.68028871487206
40.24021965950315,27.08055376461789,133.94819618475807
41.69467488795425,65.6259069845973,133.36699500894517
48.313792325575974,69.35671139185948,157.16121398611114
16.735694407635023,47.801191682740715,28.443428957679725
15.424758155553642,27.469855809536806,19.87260648329587
28.798191172407556,64.87274393767191,65.06834978826265
44.440301026886004,34.92239665851241,189.18370555922786
40.68277095705241,74.3086463989387,87.947989515603
32.3271243287533,28.67046263552213,89.7773433509112
16.27133062430947,75.81821964243382,12.834318030890627
25.650502764228882,39.953963834791224,66.09879023771984
38.77383106619,62.729240708257755,124.95731657571253
24.93650739769448,24.622565643653015,48.065478273806534
11.564774011066481,53.73611713661759,13.017693110959124
33.35535844292805,50.753904574847,111.24635957254633
38.80538318771798,39.421398336108865,150.754795699306
38.59085966569827,61.480081212566084,127.50587068822766
16.59463354138913,67.25847596116651,20.036644988793093
23.439663576157347,60.90899961859858,47.63828812858256
26.36689169187679,66.91685580921072,51.172843900170136
26.819256509085033,62.16296958092253,60.61288152338986
14.566339580187107,20.475431385507967,14.19021159493544
25.421261228054192,64.06819096540306,51.86693825101716
30.265287461753168,23.348095546217714,68.01929356289912
38.42242688465486,16.94555706534813,83.99995062756864
32.777907553764,73.11525316348909,60.939151256435814
26.197222415955963,51.87654356591605,68.02223402180918
47.10389451018136,22.35406401634671,159.27547108826587
33.92334266526952,54.534776999804286,110.98374544589478
48.99163534821652,33.299378479761415,224.77101256924328
44.6950542540056,19.908027738615615,130.52487780212644
36.94504406500457,65.96398256650859,103.62171435660035
45.972539816988224,17.699061885243218,124.92240036552097
49.649587124733046,77.37171921924683,107.32469730951385
18.835090678565777,64.03539376858748,28.49848402152784
37.642260796152165,59.85585373838936,125.57704970651184
46.75117111436516,26.740403168446953,179.23794024698674
10.696006400658629,63.17136905956314,9.403195785127297
41.97955986130337,11.578461131978596,70.71625339682251
13.576117995640304,48.77079505589445,18.644557429555796
46.662171897808534,31.751518764064233,198.8412500801961
34.48053493616613,68.26036414203283,83.47731855966208
16.48277754266315,63.292464828091354,22.260573480084396
11.576406702842137,44.148692978764686,13.66877817095108
43.11285935104885,43.064925853832996,189.2326512715486
15.579677637791578,15.120936914409294,12.474436953287864
47.58165495387288,26.42687566584851,184.1467495293871
13.634610268010011,59.507303665723576,16.588886957827466
43.519139351729294,14.594685844318803,94.25084437974306
26.9413017292204,65.1077589669502,56.55734899341238
44.909413895604544,78.56894281716198,79.95694842608657
40.7429696712973,15.536010095759035,87.42303232239503
44.115291294408046,42.05299481506941,197.53782333744846
28.809683696409635,50.5316067303873,83.11971959798818
38.55073266914796,66.90323646949102,109.44226889742475
22.746703707617222,20.505432547965917,34.64563327389532
11.886930712536712,35.208961387518116,13.584358282747573
19.296004434161954,68.49145614611278,25.919754848718306
10.054465564210147,46.273082503805036,10.305354552140736
24.52112623954056,21.443320251106854,41.7556085950514
29.75315347936135,70.85916706072044,55.96297374640487
10.77628350519237,75.52869614699281,5.734524787579742
10.30919260905787,61.77652472125414,9.037814110085677
37.458542737292234,78.1564566188514,57.520448559953884
14.017433674872777,74.85690556504359,10.11152580494879
12.953820249048857,18.498247188370836,10.303799926395078
29.82392701220052,38.647714277577016,88.53977664623095
38.72637238323242,51.78222623665253,148.7652496638493
49.08660954531853,61.26704518099842,207.28337004322924
21.81589200658756,47.454452502232265,48.38647197192248
14.700718959284265,55.443857512881436,20.60290995465678
12.741463361598559,18.176375267609558,9.819462429476621
18.300427863510052,38.44063470797549,33.28216652884028
14.002186282168338,10.479998677270219,7.156555796315827
10.13537445603708,55.62946439800915,9.768925005745807
21.40294768640183,21.51328827932998,31.894834976856636
16.568275346740506,38.27762439733759,27.243341432647156
10.729996083805231,44.90544544064032,11.74818253486805
24.185279337886236,56.64653499775777,54.821708482609125
43.03663147966757,63.42680012919539,151.22830187438342
22.146460611196822,60.05715172744153,43.29241771554018
38.403989459743364,49.747385469424806,148.43486843289978
39.14939790607173,47.01404358515519,156.00910631159852
11.022258547840433,69.98299577074509,7.974246084424709
48.47140411736101,70.67466842768658,149.7361028822536
15.560375719600437,14.331555841243585,11.850764912032346
38.698599572145405,28.910144020806825,129.3393692949274
25.17772539810075,74.51590089053032,33.28471273300004
44.72890170993559,51.485657521866955,198.94107758507164
49.79844113694939,19.42626978801652,158.74253172053042
17.732918694311394,14.979229261317458,16.02354229312329
42.77822472192512,16.61022877145765,102.30352156646819
30.220117903176373,63.88880890024002,73.65633013239801
48.61724257131974,25.539094160030768,187.64475111128704
36.32355989732986,27.007103343993197,108.93980566249823
33.729516065851925,19.14177753090256,71.92388574399148
19.180937904128097,51.97590982297449,36.43414758845497
38.7480025724328,45.97145622009566,153.11679076390254
21.5280514824626,29.707910079941758,40.71245340840788
43.83034450963143,56.068714664637454,181.57967167957247
49.09054636393464,64.4448562788942,191.4026163364005
10.311719259171003,78.5716290576288,4.214509167276719
48.1853232757385,43.50987290776072,236.60052430027562
24.338411726565283,38.90892653167682,59.08361026063334
29.532627180412383,30.45226442044864,77.76701503499132
46.96342054792116,64.92204519979936,172.79700995736573
41.03830754820805,78.05489497922983,69.59725924687561
19.72889952440734,52.02972266338258,38.527530455396786
13.874107521820198,54.96214075688886,18.46623333298606
43.649049109796294,58.23951340302181,174.0178934728899
39.88240529892933,39.62987511474935,159.46349090540673
44.333576927063135,25.4243120866793,155.52864815778446
25.36165313559907,27.928396537883895,54.32116892966086
29.68454842532114,53.203946730737464,86.25374782052114
28.600745118927815,54.63539036636807,78.7927988792464
22.588866822052033,42.33385855158313,51.84171069269132
23.42689512021999,13.033806104576785,24.60903279260043
38.74597036739533,71.4064171179619,92.59047699237829
40.12284506909211,27.101999243837668,133.23988567989062
44.554159460385264,50.672264761316114,198.60090986508843
43.79608152302404,61.70691733047257,163.37387552891926
40.157508420984875,22.903763921282632,117.9853078658111
23.311112714769564,43.13053646914027,55.33177104394415
38.40185351292406,10.093668701840597,51.929202564654204
48.90497968433171,13.321020285938005,109.43601491055604
46.64959659488893,27.5342865950175,182.052948205386
48.8595090555862,56.110603686679916,225.50531036411715
11.448300797748345,72.06726809492568,7.835516182102151
34.46396547629902,39.714054974890985,119.14318126088682
18.61371603894907,11.752666939995315,14.100442629094934
19.86238937596021,30.490470835013472,35.20270685850885
43.762436325423025,76.99011382788437,85.72865650585972
40.00766719166883,17.78536395291178,95.00906286903383
23.1520967575048,62.899569900679914,44.362326369638026
30.796614546005323,62.31293310400194,79.63726743233659
17.533195082430137,51.294629072976356,30.614489614447454
10.153088152004424,75.16225265720051,5.2077707500324815
45.99832427916779,54.95050491555103,203.00939031185874
38.3856927757122,77.65539731741434,62.801917573336596
31.15273788001688,67.82922597829112,69.21537678341679
12.163954502224898,65.58318232507932,11.365903170790562
26.83360709689243,76.57358226202632,33.18811299325665
25.201676040973403,53.19295915030971,62.176310063608994
16.86187986039853,32.56447755492765,26.32182984070169
16.247531152078444,17.2563218644518,15.26216413412918
16.927111889083342,58.598524780533104,26.004964608413694
33.873423830998405,46.62953950525134,116.89317433940751
14.988158073604666,36.98135592654148,22.03083438946553
19.541970266535845,76.4822391509886,17.7127263597515
47.85088724015856,73.86996384086063,124.71035856724481
18.77847137808104,36.45639665858364,34.39442632914668
40.554263859939425,76.18416133354474,77.83313650985156
33.921600381941346,40.24144468901124,115.79973376141821
26.526272377878108,24.429749568943983,54.072714195059284
33.81143573990742,53.44555784822077,111.62177809837233
15.344801196866324,16.59736297815979,13.154357223178401
29.367515517123838,20.68659515327976,58.16798816745095
48.885340156349415,66.99911134839601,175.4196767364312
27.108832604334484,67.33745363906058,53.324990820342194
19.71524977683659,26.842960247423008,31.95924225514751
47.10027522491062,62.28039328107607,186.42214538069473
34.43097279865246,78.14993409785805,48.62329854053241
39.11428977781646,77.0489099075753,68.19668450467292
31.73618498276314,41.11656629573463,101.8311912872958
10.44808040107764,70.4734289236782,7.018037724379375
40.2280044167388,48.99724136842274,163.5270316135917
49.147887036878934,49.53518772084281,243.39896673881063
38.64750429988051,26.748935386493223,122.51340559040959
42.350294821550946,36.89483265185348,175.73898238101967
44.06346678244809,25.041125395827983,151.9524098466087
49.96805050338504,61.97158544971254,211.36018877802425
21.54453995880842,54.84140929886238,44.59659688607904
27.975367692752737,66.31327367640347,58.75915042021185
31.713043599954243,53.39148336759538,98.25295874522725
16.09822777217641,29.402898147093982,22.62078985515941
29.239040023287366,76.67685862190557,39.12410473059231
21.079235471712614,55.54975810083296,42.300457490231906
43.47729402142858,43.34361199657467,192.56289413450315
23.882543908913405,64.43019162012449,45.32027453647208
13.267386484520944,27.823865662779077,14.828795762417357
10.403416756826394,66.75823797152586,8.008839277551699
44.42173950175536,33.680568013697766,185.84158799251713
44.35382855197847,15.225900127363577,101.73823315023047
47.36354822293145,64.80149552485273,176.36960197429954
12.901821318928345,23.36712015241968,12.368476092660215
25.79034596883389,55.1010675321697,63.69617508034432
27.127757741557858,28.885039943863763,63.52261007151283
44.43535136300673,57.98139938833507,181.1460073641752
20.456815700421433,18.826880360182912,26.086258771158633
22.08817592012183,53.67356602128089,47.520037558926234
39.309090767507094,23.441317032343825,115.09490454055097
17.202099625393416,45.23516495453776,30.1941083296853
35.414993447086104,71.08904529852546,78.47961927381601
39.68836939984255,43.27951355764071,160.44151992843683
17.218138628670342,64.04465175247043,23.80941689033406
18.87779070853448,20.2513900631064,23.61812116337941
37.9923699179191,56.000695138602566,136.56150592096546
41.780172702229024,20.638626678338046,117.50682254363609
48.13419307689927,63.799577914212165,187.3139931516294
22.345995894567512,59.98427341158561,44.14093667314211
31.945343364578264,38.16846037687219,101.18635079570828
15.87251022236134,42.90281661595634,25.638960431633787
27.47580637303556,21.789039976439653,53.10187264554028
20.4448273828678,54.486455198973275,40.33495106467025
23.95200721542581,73.8880536917324,31.215593115916434
42.13462395026232,49.22989877344898,179.1846732533865
42.1291889679256,32.06096002518584,162.94829638716652
38.180227170467944,38.66122868849055,145.12155376062623
14.945572338882736,25.279479734126983,17.602449044362466
21.361003149951774,40.923227325616125,46.08980049199153
47.57183290530518,44.65900281725126,230.91009882263918
28.10104604110552,75.8521586929668,38.19594582635234
34.873790058316686,40.093299388247544,122.28430026154014
10.732362200820855,70.35775606774646,7.441934034116012
30.720801924303984,21.677857901993857,66.11436647732631
37.565714806887755,48.161936172118764,143.12205000677992
12.355271313318429,51.35451395533271,15.195175589657744
14.611381321805567,51.56038517628708,21.216221866001565
24.734771881998604,45.15059625382685,62.428621094211216
47.77835053113728,63.700301977543106,185.04610891275155
19.951920149803968,22.10053003791247,28.319607055382846
10.864106905645716,14.767314447817476,5.936964038968205
42.371138897291864,19.99039538083816,117.70857813588948
43.96993508729552,49.42620657366824,194.93113284019765
31.467820037904882,27.480611467865813,82.73052923008748
45.721888755780896,61.69754978392986,178.09596483738332
17.16136298642338,14.399914082561782,14.477719071804655
20.98674492840887,73.6296062120663,24.30705162419588
10.81798939618368,76.61983652657305,5.376873258183165
33.33729127029568,64.99557324615989,86.88500125582026
45.49554993828401,71.45672961336493,127.36318756951495
34.25605035676863,36.484016298955,114.49081886601277
13.211432814161883,21.171665584170924,11.996583645341152
37.728941755528716,23.996393629294378,107.93129742794115
37.03762451367709,45.08907012533196,139.977448907352
16.669768407192155,56.29699228222676,26.178974854986308
43.1593716352217,49.81528815759605,187.395887685603
46.495614487246264,17.34573705307226,125.55387621456883
25.667963430098546,60.9068851714812,57.12893254407685
22.350564667878334,65.2296837698374,38.784598276380045
32.986950073748986,12.066743821382056,45.39803265034706
48.900687676916505,42.122887891672704,242.77835895297454
38.99852476318255,40.64543442245596,153.4029364890123
41.602502097980064,14.705358750577716,86.72679971678299
40.74333887850838,22.37384661476616,119.24804289899716
48.27975829090101,67.04936772140779,170.81036392608362
42.64768798586875,50.924877604830456,181.63929586221784
20.732569527867554,25.323283816158558,33.91561253805791
19.252042080076187,42.08820770389822,37.62533218035581
19.68362579138107,69.82330591958161,25.599058878426753
18.517396299571086,17.160401825796928,19.72780815937775
18.330536325831375,76.88376439574871,15.155161649542984
47.38009510785587,19.9000974856726,146.6297055478403
48.06649774063526,30.35222957838623,205.60270928768495
13.594176175866917,22.703710515472718,13.428609842109838
12.562973984494299,42.86897201823251,16.060393069490523
44.28121282019954,31.739342408996364,179.0290597549085
32.54967451314805,79.19556726063581,39.813622684514584
18.4626527449893,11.078240505299714,13.117823039127828
28.472667434669518,32.50755682570487,74.9824019698748
12.949851960427399,51.62873750992852,16.65605989671109
49.28866733861865,33.80159133284589,229.1957490419316
15.598057279620257,41.90408300089561,24.68163944027424
42.262133401546244,39.76540088357115,179.2198406880555
48.32719274019429,16.036194727686805,126.54460765819519
38.44044450768942,55.433570908271584,140.8924413459392
13.542038973115918,68.38078905031207,12.81903416500426
33.59939921484527,46.94793179309825,114.92968417564903
15.168659996617219,20.470916346880834,15.385214526752849
44.67800131099894,43.689178575435726,203.4729167778702
36.91305424823544,10.988911040443194,52.0346928113914
47.682245961322465,73.52365813020813,126.19534124676201
15.835434276737633,26.841641779064265,20.61755549135441
28.147374317907484,73.16520766851971,44.82032947525125
31.742524958998505,50.88743986586854,100.65154801952113
14.333521203657567,78.83331590784752,7.966315550129429
37.07622767748467,69.45261482993664,92.20042157211327
32.65742459686166,10.776220623422146,39.97799203789951
23.92168235550047,11.058301341403368,21.984366529795558
26.51669530413857,62.04077298652808,59.42502526912512
41.84915670416018,46.17567889638824,178.55890973891718
24.2565289122788,62.875582700558574,48.72512794630511
48.90532580458717,51.278431783248045,238.21657243352254
46.727385342097634,26.2596754183406,176.80561353791896
13.123444671619655,65.06243368027091,13.437783226068099
44.096673055861984,12.172510970635484,81.79477913900294
36.951157379140724,66.45592867585944,102.04213634010938
12.212779879421474,56.55596578619218,13.998063257388258
48.21464547271337,57.129196173354615,216.264246918166
43.33947921601147,13.070273185557006,84.44242987526899
43.307358530258256,24.684176100393667,145.24078285049455
46.62579968446031,44.2255754047623,221.75213514404288
46.84337204088517,40.94454972485234,221.66852452658705
18.763181258576644,11.852588981593026,14.442617256892852
47.49450438205501,33.50815417843208,211.90401130296033
11.917205175364835,77.72239518045862,6.022361483069353
45.25729221749912,31.459480743672543,186.08801853832978
28.268500896705426,54.294855340870896,77.28726677266303
43.2467099346566,57.718502764590355,172.34383334823167
20.92165194175857,53.65645130990107,42.64125477549095
40.19452208569649,30.278766666747323,143.56576203111786
42.187996234049564,50.018224572794296,178.83576393587418
13.237494863349326,59.286591649645096,15.702991347121714
46.57657843010568,36.83248326517893,212.4293339804349
42.690023898902226,29.621275589508805,159.80549686236054
33.818481192740386,29.24969216137803,99.50503336604791
38.31717599802039,74.26702518725664,78.20320569273112
23.832811330067443,55.11332744562447,54.385250419305116
28.822414506749432,62.67034988176051,69.1479693714722
15.89451335871765,49.74761657408096,25.42594678055729
29.996291435564714,54.13213838104575,87.1885373977175
41.31285384574518,29.356335130503517,148.83115007740457
32.335856738128385,72.49845807845324,61.202244708705294
15.339375839598969,45.08367978050073,24.009739526846705
43.18207967612393,66.37462839052944,139.72466646081665
39.51947070113723,46.26109066435783,159.2117956619715
11.494199014439346,18.142393989403736,7.9782145495165215
42.19526724458482,17.82757768534296,105.9008646284403
44.60977941238789,42.48783331342092,202.28427607911675
30.49518253770387,40.09241030406842,93.50450776057862
25.143752493058326,73.93073258830344,34.31782706770056
13.33916367252845,19.221033580829747,11.288287637885842
43.13103913230965,58.05897481701953,170.44205450658333
10.146354562579024,74.26982531876988,5.482621521841722
23.739467837043474,38.775365792369286,56.15422884023971
23.10940826378339,71.94857204148371,32.11007443599546
46.480493137491884,20.101840085881854,142.30369065441894
27.97164271498078,17.374260084660122,45.50573028231124
45.54630153615826,26.335782632001763,168.32227359222236
13.5718093885578,46.48361182042719,18.77010847848551
43.8431526991318,55.24897418148451,183.72612540207987
34.49513418374669,63.987598407235545,95.71247921050885
31.516763279183827,63.6585662063181,80.60906637941913
22.238233188330693,17.831695261013294,29.42114571592894
29.61477108543575,71.18044251663753,54.6523173245414
20.93817925510628,17.8634190487312,26.12198922033868
28.232718273283645,72.84674905606578,45.84221010726727
40.75267767147642,77.03384832016187,74.10961021502692
35.019619230192234,50.886985308330694,122.50725109361433
37.22137785962599,58.5727527298946,125.79864768262046
45.68867041842525,35.88083786830565,202.30479458520512
12.117573908515396,48.54584789716149,14.868600190693682
17.95772150444039,68.24477149550145,22.655419192542418
38.967757619292485,21.16491919686117,104.34131911018105
26.329428414913487,45.1222087698332,70.73800948434871
36.008529849349046,38.645335342193626,129.06587061564207
45.910604483085365,70.64698893900015,134.49480705443477
39.44013706465786,19.169411709904594,98.46003681233766
47.32469095656652,72.42283877218286,131.58506223216224
16.077664192452165,27.51898517673428,21.61651783575647
40.26517188050289,52.39885942743151,159.950188025468
38.10508043754632,36.59288958613438,141.82867154464134
10.302109529533539,75.29202130712741,5.319088220338612
11.71901597857902,23.82693631808626,10.357453054442454
11.350783443324266,45.177827646640615,13.146714550562713
31.104695919649505,25.9802330221436,77.75417186266408
41.06039196435807,66.08589406869277,127.50217070238696
26.21430398793489,28.973787628005915,59.43229644298209
10.129195539742263,76.74412881968642,4.673365450856114
16.995787573884122,74.70789954139848,14.997092587708574
47.940196347813526,43.26331929857092,234.0857844556372
19.786497839744,10.905180299981053,14.842681463735321
44.13542428551287,77.57924186845402,83.50477122658236
24.8155040987385,58.01748840182689,56.461304401453525
30.85187313847402,44.43854133964193,97.10768152858091
29.589300774967867,52.2859898266247,86.46561882712903
15.379230158435778,17.768989265729218,14.028151678596698
24.64652122725012,21.027618818155325,41.520314393939664
49.98577003246104,54.72385191990263,240.4104923958929
32.56506030526908,13.427265908996329,48.882523315022695
28.609410624608252,59.1611066930957,73.52232531051256
31.965739638654437,74.3845230038862,54.0608691156539
20.520362941134348,59.626868177165285,37.48794087402558
32.654648594913425,49.244390008023515,107.6167600004989
39.13279463764283,65.59424298074781,117.59515590377947
14.227357379820894,62.39260222127177,16.963771287317776
21.1379864899561,51.34619786650887,44.479182271293915
18.356891387708604,23.79161120422536,25.38518183437576
39.79516926621541,10.548239425951618,58.16531874517712
47.426663109107054,42.011388675007034,228.2714109453426
26.98748787305248,26.872870695743657,59.930750304051884
35.32983738260472,25.89899779342847,100.08954428418656
11.248486411695477,45.468719104425766,12.909337900440898
15.259504401793244,36.277610231555116,22.667625793180996
25.378022547606804,45.28391004010797,65.71555116423784
36.57568258148419,28.84927998296289,115.38335496342225
35.61314020923977,52.708215190823616,124.76137506238375
17.686259700005515,53.539048203169244,30.51130714302361
15.315846856170934,24.62421364983503,18.132829396946732
47.52286587260798,49.72305694571783,227.32647456700815
24.21438879761707,41.16509907153642,59.29500714495006
